7MSHOT,7MACC,6MSHOT,6MACC,9MSHOT,9MACC,WINGSHOT,WINGACC,PIVOTSHOT,PIVOTACC,FASTBREAKSHOT,FASTBREAKACC,GOAL
0,0.0,2,0.5,2,0.5,0,0,0,0.0,0,0.0,2
0,0.0,0,0.0,3,0.33,0,0,0,0.0,0,0.0,1
0,0.0,0,0.0,2,0.0,0,0,0,0.0,1,1.0,1
0,0.0,1,1.0,3,0.0,0,0,0,0.0,0,0.0,1
0,0.0,3,1.0,4,0.25,0,0,0,0.0,0,0.0,4
0,0.0,1,1.0,8,0.38,0,0,0,0.0,0,0.0,4
0,0.0,1,1.0,8,0.38,0,0,1,0.0,0,0.0,4
0,0.0,0,0.0,2,0.5,0,0,0,0.0,0,0.0,1
0,0.0,0,0.0,2,0.0,0,0,0,0.0,0,0.0,0
0,0.0,0,0.0,3,0.0,0,0,0,0.0,0,0.0,0
0,0.0,3,1.0,4,1.0,0,0,0,0.0,0,0.0,7
0,0.0,2,0.5,2,0.0,0,0,0,0.0,0,0.0,1
0,0.0,4,0.5,2,0.5,0,0,0,0.0,0,0.0,3
0,0.0,0,0.0,2,0.0,0,0,0,0.0,0,0.0,0
0,0.0,3,1.0,8,0.5,0,0,0,0.0,0,0.0,7
0,0.0,1,0.0,7,0.57,0,0,0,0.0,0,0.0,4
0,0.0,1,1.0,3,0.67,0,0,0,0.0,0,0.0,3
0,0.0,1,1.0,2,0.0,0,0,0,0.0,0,0.0,1
0,0.0,2,0.5,7,0.57,0,0,0,0.0,1,1.0,6
0,0.0,1,0.0,8,0.38,0,0,0,0.0,2,1.0,5
0,0.0,0,0.0,2,0.5,0,0,0,0.0,0,0.0,1
0,0.0,1,0.0,4,0.25,0,0,0,0.0,0,0.0,1
0,0.0,1,1.0,10,0.6,0,0,0,0.0,0,0.0,7
0,0.0,0,0.0,2,0.5,0,0,0,0.0,0,0.0,1
0,0.0,0,0.0,4,0.25,0,0,0,0.0,0,0.0,1
0,0.0,5,0.6,10,0.6,0,0,0,0.0,0,0.0,9
0,0.0,2,0.5,9,0.56,0,0,0,0.0,0,0.0,6
0,0.0,2,1.0,4,0.25,0,0,0,0.0,0,0.0,3
0,0.0,0,0.0,2,0.5,0,0,0,0.0,0,0.0,1
0,0.0,0,0.0,2,0.0,0,0,0,0.0,0,0.0,0
0,0.0,0,0.0,4,0.25,0,0,0,0.0,0,0.0,1
0,0.0,2,1.0,2,1.0,0,0,0,0.0,0,0.0,4
0,0.0,1,1.0,2,0.5,0,0,0,0.0,0,0.0,2
0,0.0,3,0.67,2,0.0,0,0,0,0.0,1,1.0,3
0,0.0,3,0.33,10,0.6,0,0,0,0.0,1,1.0,8
0,0.0,2,1.0,6,0.5,0,0,0,0.0,0,0.0,5
0,0.0,4,1.0,3,0.33,0,0,0,0.0,0,0.0,5
0,0.0,2,1.0,2,0.0,0,0,0,0.0,0,0.0,2
0,0.0,1,1.0,6,0.5,0,0,0,0.0,0,0.0,4
0,0.0,4,0.5,3,0.67,0,0,0,0.0,0,0.0,4
0,0.0,0,0.0,3,1.0,0,0,0,0.0,0,0.0,3
0,0.0,2,0.5,4,0.5,0,0,1,0.0,0,0.0,3
0,0.0,2,1.0,3,0.67,0,0,0,0.0,0,0.0,4
0,0.0,4,0.25,6,0.5,0,0,0,0.0,0,0.0,4
0,0.0,5,0.4,3,0.33,0,0,0,0.0,0,0.0,3
0,0.0,3,0.67,4,0.5,0,0,0,0.0,1,1.0,5
0,0.0,1,1.0,3,0.67,0,0,0,0.0,0,0.0,3
0,0.0,4,1.0,7,0.43,0,0,0,0.0,0,0.0,7
0,0.0,1,1.0,4,0.75,0,0,0,0.0,0,0.0,4
0,0.0,1,1.0,5,0.2,0,0,0,0.0,0,0.0,2
0,0.0,5,1.0,6,0.67,0,0,0,0.0,0,0.0,9
1,0.0,3,0.67,5,0.4,0,0,0,0.0,1,0.0,4
0,0.0,0,0.0,3,0.67,0,0,0,0.0,0,0.0,2
0,0.0,0,0.0,8,0.5,0,0,0,0.0,0,0.0,4
0,0.0,0,0.0,4,0.5,0,0,0,0.0,0,0.0,2
0,0.0,3,0.33,5,0.2,0,0,0,0.0,0,0.0,2
0,0.0,1,1.0,6,0.83,0,0,0,0.0,0,0.0,6
0,0.0,1,1.0,2,0.5,0,0,0,0.0,0,0.0,2
0,0.0,2,0.5,6,0.5,0,0,0,0.0,0,0.0,4
0,0.0,0,0.0,8,0.38,0,0,0,0.0,0,0.0,3
0,0.0,2,1.0,7,0.57,0,0,0,0.0,0,0.0,6
0,0.0,4,0.75,4,0.5,0,0,0,0.0,0,0.0,5
0,0.0,2,0.5,3,1.0,0,0,0,0.0,0,0.0,4
0,0.0,2,1.0,3,0.67,0,0,0,0.0,0,0.0,4
0,0.0,1,0.0,3,0.0,0,0,0,0.0,0,0.0,0
0,0.0,6,0.5,5,1.0,0,0,0,0.0,0,0.0,8
3,0.67,3,1.0,5,0.4,0,0,0,0.0,0,0.0,7
0,0.0,1,0.0,8,0.25,0,0,0,0.0,0,0.0,2
0,0.0,0,0.0,2,0.0,0,0,0,0.0,0,0.0,0
0,0.0,3,0.67,8,0.5,0,0,0,0.0,0,0.0,6
0,0.0,1,0.0,4,0.75,0,0,0,0.0,1,1.0,4
0,0.0,3,0.0,4,0.5,0,0,0,0.0,0,0.0,2
0,0.0,1,0.0,5,0.2,0,0,0,0.0,0,0.0,1
0,0.0,0,0.0,6,0.5,0,0,0,0.0,0,0.0,3
0,0.0,5,1.0,2,0.0,0,0,1,1.0,0,0.0,6
0,0.0,1,1.0,7,0.71,0,0,0,0.0,0,0.0,6
0,0.0,2,1.0,4,0.5,0,0,0,0.0,0,0.0,4
0,0.0,3,0.67,2,1.0,0,0,0,0.0,0,0.0,4
0,0.0,4,0.5,2,0.0,0,0,0,0.0,0,0.0,2
0,0.0,4,0.5,4,0.0,0,0,0,0.0,0,0.0,2
0,0.0,2,0.0,4,0.5,0,0,0,0.0,2,1.0,4
0,0.0,5,0.6,2,0.0,0,0,0,0.0,0,0.0,3
0,0.0,4,0.75,4,1.0,0,0,0,0.0,0,0.0,7
6,0.83,3,0.33,4,0.25,0,0,0,0.0,0,0.0,7
0,0.0,2,0.5,3,0.33,0,0,0,0.0,0,0.0,2
0,0.0,1,0.0,6,0.33,0,0,0,0.0,0,0.0,2
0,0.0,7,0.71,5,0.8,0,0,0,0.0,1,1.0,10
0,0.0,2,1.0,6,0.33,0,0,0,0.0,0,0.0,4
0,0.0,0,0.0,5,0.4,0,0,0,0.0,0,0.0,2
0,0.0,0,0.0,6,0.67,0,0,0,0.0,0,0.0,4
0,0.0,1,0.0,3,0.33,0,0,0,0.0,0,0.0,1
0,0.0,0,0.0,3,0.0,0,0,0,0.0,0,0.0,0
0,0.0,3,0.67,4,0.5,0,0,0,0.0,0,0.0,4
0,0.0,1,1.0,2,0.5,0,0,0,0.0,0,0.0,2
0,0.0,1,1.0,3,0.0,0,0,0,0.0,0,0.0,1
0,0.0,2,1.0,10,0.7,0,0,0,0.0,0,0.0,9
0,0.0,3,1.0,2,0.5,0,0,0,0.0,0,0.0,4
0,0.0,1,1.0,3,0.67,0,0,0,0.0,0,0.0,3
0,0.0,5,1.0,6,0.5,0,0,0,0.0,0,0.0,8
0,0.0,2,1.0,5,0.8,0,0,1,1.0,0,0.0,7
0,0.0,2,1.0,4,0.75,0,0,0,0.0,0,0.0,5
0,0.0,0,0.0,2,0.0,0,0,0,0.0,0,0.0,0
0,0.0,1,1.0,6,0.67,0,0,1,1.0,1,1.0,7
0,0.0,4,0.75,6,0.33,0,0,0,0.0,0,0.0,5
0,0.0,0,0.0,2,0.0,0,0,0,0.0,0,0.0,0
0,0.0,4,0.75,4,0.25,0,0,0,0.0,1,1.0,5
0,0.0,1,1.0,3,0.33,0,0,1,0.0,0,0.0,2
0,0.0,1,1.0,3,0.33,0,0,0,0.0,0,0.0,2
0,0.0,1,0.0,2,0.5,0,0,0,0.0,0,0.0,1
0,0.0,4,0.0,2,0.0,0,0,0,0.0,0,0.0,0
0,0.0,3,1.0,3,1.0,0,0,0,0.0,0,0.0,6
0,0.0,1,0.0,10,0.3,0,0,0,0.0,0,0.0,3
0,0.0,1,1.0,2,0.5,0,0,0,0.0,0,0.0,2
0,0.0,1,0.0,4,0.25,0,0,0,0.0,0,0.0,1
0,0.0,1,0.0,2,0.0,0,0,0,0.0,0,0.0,0
0,0.0,4,0.75,4,0.25,0,0,0,0.0,1,1.0,5
0,0.0,0,0.0,3,0.67,0,0,0,0.0,0,0.0,2
0,0.0,5,0.6,4,0.25,1,1,0,0.0,0,0.0,5
0,0.0,4,0.75,6,0.0,0,0,0,0.0,0,0.0,3
3,1.0,0,0.0,10,0.2,0,0,0,0.0,1,1.0,6
0,0.0,1,1.0,6,0.33,0,0,0,0.0,0,0.0,3
0,0.0,0,0.0,2,0.0,0,0,0,0.0,0,0.0,0
1,1.0,3,0.33,4,0.5,0,0,0,0.0,1,1.0,5
0,0.0,1,1.0,3,0.33,0,0,0,0.0,0,0.0,2
0,0.0,2,0.0,4,0.5,0,0,0,0.0,0,0.0,2
0,0.0,1,0.0,2,1.0,0,0,0,0.0,0,0.0,2
0,0.0,2,0.5,3,0.33,0,0,0,0.0,0,0.0,2
0,0.0,1,1.0,5,0.2,0,0,0,0.0,0,0.0,2
1,0.0,0,0.0,10,0.6,0,0,0,0.0,0,0.0,6
0,0.0,0,0.0,7,0.43,0,0,0,0.0,0,0.0,3
0,0.0,1,1.0,2,0.0,0,0,0,0.0,0,0.0,1
0,0.0,3,0.67,13,0.62,0,0,0,0.0,0,0.0,10
0,0.0,1,1.0,6,0.5,0,0,0,0.0,0,0.0,4
0,0.0,3,1.0,2,0.0,0,0,0,0.0,0,0.0,3
0,0.0,1,0.0,2,0.0,0,0,0,0.0,0,0.0,0
1,0.0,2,1.0,6,0.67,0,0,0,0.0,0,0.0,6
0,0.0,3,1.0,3,0.0,0,0,0,0.0,0,0.0,3
0,0.0,1,1.0,5,0.4,0,0,0,0.0,0,0.0,3
0,0.0,4,0.25,6,0.17,0,0,0,0.0,0,0.0,2
0,0.0,3,0.67,3,1.0,0,0,0,0.0,0,0.0,5
5,1.0,5,0.0,4,0.5,0,0,1,1.0,0,0.0,8
0,0.0,3,1.0,4,0.5,0,0,0,0.0,0,0.0,5
0,0.0,7,0.43,3,0.33,0,0,0,0.0,0,0.0,4
0,0.0,2,0.0,3,0.0,0,0,0,0.0,1,1.0,1
0,0.0,0,0.0,5,0.8,0,0,0,0.0,0,0.0,4
0,0.0,4,0.25,4,0.25,0,0,0,0.0,1,1.0,3
0,0.0,1,1.0,2,0.5,0,0,0,0.0,0,0.0,2
1,0.0,1,1.0,8,0.63,0,0,0,0.0,1,1.0,7
0,0.0,2,0.0,6,0.67,1,0,0,0.0,0,0.0,4
0,0.0,3,0.0,7,0.57,0,0,0,0.0,1,0.0,4
0,0.0,1,1.0,9,0.44,0,0,0,0.0,0,0.0,5
0,0.0,1,1.0,3,0.67,0,0,0,0.0,0,0.0,3
0,0.0,0,0.0,3,0.33,0,0,0,0.0,0,0.0,1
0,0.0,3,0.33,4,0.5,0,0,0,0.0,0,0.0,3
0,0.0,2,0.5,3,0.33,0,0,0,0.0,0,0.0,2
0,0.0,1,0.0,5,0.0,0,0,0,0.0,0,0.0,0
0,0.0,5,0.6,5,0.4,0,0,0,0.0,1,1.0,6
0,0.0,6,0.5,2,0.0,0,0,0,0.0,0,0.0,3
0,0.0,0,0.0,5,0.6,0,0,0,0.0,0,0.0,3
0,0.0,0,0.0,3,0.0,0,0,0,0.0,0,0.0,0
0,0.0,4,0.5,3,0.67,0,0,0,0.0,0,0.0,4
0,0.0,1,0.0,2,0.0,0,0,0,0.0,0,0.0,0
0,0.0,1,0.0,2,0.0,0,0,0,0.0,0,0.0,0
5,0.8,0,0.0,2,0.5,0,0,1,0.0,2,1.0,7
0,0.0,1,1.0,8,0.5,0,0,0,0.0,0,0.0,5
0,0.0,1,0.0,2,1.0,0,0,0,0.0,1,0.0,2
0,0.0,1,1.0,4,0.25,0,0,0,0.0,0,0.0,2
0,0.0,0,0.0,2,0.0,0,0,0,0.0,0,0.0,0
0,0.0,2,1.0,6,0.83,0,0,0,0.0,0,0.0,7
0,0.0,1,0.0,4,0.25,0,0,0,0.0,0,0.0,1
0,0.0,1,0.0,2,0.0,0,0,0,0.0,0,0.0,0
0,0.0,1,1.0,9,0.44,1,1,0,0.0,0,0.0,6
0,0.0,0,0.0,7,0.57,0,0,0,0.0,0,0.0,4
0,0.0,5,0.6,8,0.5,0,0,0,0.0,1,1.0,8
0,0.0,4,0.75,6,0.17,0,0,0,0.0,0,0.0,4
0,0.0,3,0.67,2,0.5,0,0,0,0.0,0,0.0,3
0,0.0,2,1.0,10,0.4,0,0,0,0.0,2,1.0,8
0,0.0,0,0.0,4,0.75,0,0,0,0.0,0,0.0,3
0,0.0,1,0.0,9,0.22,0,0,0,0.0,0,0.0,2
0,0.0,4,0.75,6,0.67,0,0,0,0.0,0,0.0,7
0,0.0,1,1.0,2,1.0,0,0,0,0.0,0,0.0,3
0,0.0,0,0.0,2,0.5,0,0,2,0.5,0,0.0,2
0,0.0,3,0.33,11,0.36,0,0,0,0.0,0,0.0,5
0,0.0,1,0.0,2,0.0,0,0,0,0.0,1,1.0,1
0,0.0,5,0.8,5,0.4,0,0,0,0.0,0,0.0,6
0,0.0,6,1.0,5,0.0,0,0,0,0.0,0,0.0,6
0,0.0,1,1.0,2,0.5,0,0,0,0.0,0,0.0,2
0,0.0,1,1.0,2,0.5,0,0,1,1.0,0,0.0,3
0,0.0,0,0.0,4,0.25,0,0,0,0.0,0,0.0,1
0,0.0,2,1.0,5,0.4,0,0,0,0.0,1,1.0,5
0,0.0,3,0.33,2,0.0,0,0,0,0.0,0,0.0,1
0,0.0,1,0.0,2,0.0,0,0,0,0.0,0,0.0,0
0,0.0,2,0.5,3,0.33,0,0,0,0.0,0,0.0,2
0,0.0,3,0.33,3,0.33,0,0,0,0.0,0,0.0,2
0,0.0,0,0.0,3,0.67,0,0,0,0.0,1,1.0,3
0,0.0,2,0.5,5,0.4,0,0,0,0.0,0,0.0,3
0,0.0,1,1.0,4,0.0,0,0,0,0.0,0,0.0,1
0,0.0,1,0.0,13,0.46,0,0,0,0.0,0,0.0,6
0,0.0,0,0.0,7,0.71,0,0,0,0.0,0,0.0,5
2,1.0,1,0.0,3,0.33,0,0,2,0.5,0,0.0,4
0,0.0,0,0.0,2,0.5,0,0,0,0.0,1,0.0,1
0,0.0,2,0.5,7,1.0,0,0,0,0.0,0,0.0,8
0,0.0,0,0.0,4,0.5,0,0,0,0.0,0,0.0,2
0,0.0,0,0.0,3,0.33,0,0,0,0.0,0,0.0,1
0,0.0,2,0.5,4,0.5,0,0,0,0.0,3,1.0,6
0,0.0,3,1.0,2,0.5,0,0,0,0.0,0,0.0,4
0,0.0,1,1.0,6,0.17,0,0,0,0.0,1,1.0,3
0,0.0,2,0.5,2,0.0,0,0,0,0.0,0,0.0,1
0,0.0,4,0.75,5,0.2,0,0,0,0.0,3,1.0,7
0,0.0,5,0.8,6,0.5,0,0,0,0.0,0,0.0,7
0,0.0,1,1.0,5,0.8,0,0,0,0.0,0,0.0,5
3,0.67,2,0.0,2,0.0,0,0,0,0.0,1,1.0,3
0,0.0,0,0.0,3,0.33,0,0,0,0.0,0,0.0,1
0,0.0,4,0.5,4,0.5,0,0,0,0.0,0,0.0,4
0,0.0,0,0.0,6,0.5,0,0,0,0.0,0,0.0,3
0,0.0,3,0.67,8,0.38,0,0,0,0.0,1,1.0,6
0,0.0,2,1.0,8,0.5,0,0,0,0.0,0,0.0,6
0,0.0,4,1.0,5,0.4,0,0,0,0.0,1,0.0,6
0,0.0,1,0.0,2,0.5,0,0,0,0.0,0,0.0,1
0,0.0,2,0.5,2,0.0,0,0,0,0.0,0,0.0,1
0,0.0,3,1.0,8,0.5,0,0,0,0.0,1,1.0,8
0,0.0,2,1.0,3,0.67,0,0,0,0.0,0,0.0,4
0,0.0,2,0.0,7,0.57,0,0,0,0.0,0,0.0,4
0,0.0,0,0.0,5,0.6,0,0,0,0.0,0,0.0,3
0,0.0,0,0.0,7,0.71,0,0,0,0.0,0,0.0,5
0,0.0,1,1.0,5,0.6,0,0,0,0.0,0,0.0,4
2,1.0,1,1.0,5,0.2,0,0,0,0.0,0,0.0,4
0,0.0,0,0.0,3,0.67,0,0,0,0.0,0,0.0,2
0,0.0,0,0.0,3,0.67,0,0,0,0.0,0,0.0,2
0,0.0,0,0.0,3,0.33,0,0,0,0.0,0,0.0,1
0,0.0,1,1.0,2,0.0,0,0,0,0.0,1,0.0,1
0,0.0,5,0.8,2,0.5,0,0,0,0.0,1,1.0,6
0,0.0,1,0.0,2,0.5,0,0,0,0.0,0,0.0,1
0,0.0,1,0.0,3,0.33,0,0,0,0.0,0,0.0,1
0,0.0,1,0.0,3,0.33,0,0,0,0.0,0,0.0,1
0,0.0,1,1.0,6,0.5,0,0,0,0.0,3,1.0,7
0,0.0,1,0.0,2,0.5,0,0,0,0.0,0,0.0,1
0,0.0,1,0.0,2,0.0,0,0,1,1.0,0,0.0,1
0,0.0,0,0.0,7,0.29,0,0,0,0.0,0,0.0,2
0,0.0,1,1.0,4,0.5,0,0,0,0.0,0,0.0,3
1,1.0,0,0.0,2,0.5,0,0,0,0.0,0,0.0,2
0,0.0,1,0.0,6,0.33,0,0,0,0.0,0,0.0,2
0,0.0,1,0.0,2,0.0,0,0,0,0.0,0,0.0,0
0,0.0,1,1.0,2,1.0,0,0,0,0.0,0,0.0,3
0,0.0,2,0.0,5,0.4,0,0,0,0.0,0,0.0,2
0,0.0,6,0.67,6,0.5,0,0,0,0.0,0,0.0,7
0,0.0,2,1.0,8,0.38,0,0,0,0.0,0,0.0,5
0,0.0,1,1.0,2,0.5,0,0,0,0.0,1,1.0,3
0,0.0,1,1.0,2,0.0,0,0,0,0.0,0,0.0,1
0,0.0,3,0.33,8,0.63,0,0,0,0.0,2,1.0,8
0,0.0,4,0.75,3,0.0,0,0,1,1.0,0,0.0,4
0,0.0,0,0.0,5,0.6,0,0,0,0.0,1,0.0,3
0,0.0,1,1.0,10,0.7,0,0,0,0.0,1,1.0,9
0,0.0,3,0.67,4,0.75,0,0,0,0.0,0,0.0,5
0,0.0,1,1.0,6,0.5,0,0,0,0.0,0,0.0,4
2,0.5,1,1.0,6,0.5,0,0,1,0.0,2,1.0,7
0,0.0,1,1.0,5,0.4,0,0,0,0.0,0,0.0,3
0,0.0,3,0.67,8,0.5,0,0,0,0.0,0,0.0,6
0,0.0,0,0.0,5,0.6,0,0,0,0.0,0,0.0,3
0,0.0,0,0.0,5,0.6,0,0,0,0.0,0,0.0,3
0,0.0,0,0.0,2,0.5,0,0,0,0.0,0,0.0,1
0,0.0,4,0.75,2,0.5,0,0,0,0.0,1,0.0,4
0,0.0,0,0.0,2,0.5,0,0,0,0.0,0,0.0,1
0,0.0,0,0.0,3,0.33,0,0,0,0.0,0,0.0,1
0,0.0,1,1.0,9,0.44,0,0,0,0.0,0,0.0,5
0,0.0,2,0.5,6,0.5,0,0,0,0.0,0,0.0,4
3,0.67,1,0.0,6,0.33,0,0,0,0.0,0,0.0,4
0,0.0,0,0.0,7,0.14,0,0,0,0.0,0,0.0,1
0,0.0,0,0.0,2,0.0,0,0,0,0.0,0,0.0,0
0,0.0,3,1.0,6,0.33,0,0,0,0.0,0,0.0,5
0,0.0,2,1.0,6,0.67,0,0,0,0.0,1,1.0,7
0,0.0,1,0.0,6,0.67,0,0,0,0.0,0,0.0,4
0,0.0,1,1.0,6,0.17,0,0,0,0.0,0,0.0,2
0,0.0,3,0.67,5,0.4,0,0,0,0.0,1,1.0,5
0,0.0,3,0.67,5,0.2,0,0,0,0.0,1,1.0,4
0,0.0,0,0.0,2,0.0,0,0,0,0.0,0,0.0,0
0,0.0,2,0.5,11,0.55,0,0,0,0.0,0,0.0,7
0,0.0,0,0.0,4,0.75,0,0,0,0.0,0,0.0,3
0,0.0,1,1.0,4,0.5,0,0,0,0.0,0,0.0,3
0,0.0,3,1.0,3,1.0,0,0,0,0.0,0,0.0,6
0,0.0,1,1.0,3,1.0,0,0,0,0.0,0,0.0,4
0,0.0,2,0.5,3,0.67,0,0,0,0.0,0,0.0,3
0,0.0,0,0.0,2,0.0,0,0,0,0.0,0,0.0,0
0,0.0,1,1.0,6,0.33,0,0,0,0.0,0,0.0,3
0,0.0,3,0.0,2,0.5,0,0,0,0.0,0,0.0,1
0,0.0,0,0.0,3,0.67,0,0,0,0.0,1,1.0,3
0,0.0,0,0.0,2,0.5,0,0,0,0.0,0,0.0,1
0,0.0,2,0.5,3,0.0,0,0,0,0.0,0,0.0,1
0,0.0,6,0.67,2,1.0,0,0,0,0.0,0,0.0,6
0,0.0,1,1.0,4,0.0,0,0,0,0.0,0,0.0,1
0,0.0,8,0.63,3,0.67,0,0,0,0.0,0,0.0,7
0,0.0,3,0.67,7,0.43,1,1,0,0.0,1,1.0,7
0,0.0,4,0.25,2,0.5,0,0,0,0.0,0,0.0,2
0,0.0,0,0.0,2,0.5,0,0,0,0.0,0,0.0,1
0,0.0,4,0.75,4,0.75,1,1,0,0.0,0,0.0,7
4,0.75,1,1.0,7,0.43,0,0,0,0.0,0,0.0,7
0,0.0,2,1.0,8,0.5,0,0,0,0.0,0,0.0,6
0,0.0,0,0.0,4,1.0,0,0,0,0.0,0,0.0,4
0,0.0,0,0.0,3,0.33,0,0,0,0.0,0,0.0,1
0,0.0,1,1.0,2,0.0,0,0,0,0.0,0,0.0,1
0,0.0,5,0.6,4,0.75,0,0,0,0.0,0,0.0,6
0,0.0,3,0.67,2,0.5,0,0,0,0.0,1,1.0,4
0,0.0,4,0.75,2,0.5,0,0,0,0.0,0,0.0,4
0,0.0,1,0.0,7,0.29,0,0,0,0.0,0,0.0,2
0,0.0,1,1.0,6,0.83,0,0,0,0.0,0,0.0,6
0,0.0,2,0.0,6,0.83,0,0,0,0.0,0,0.0,5
0,0.0,1,0.0,2,0.5,0,0,0,0.0,0,0.0,1
0,0.0,6,0.67,7,0.57,0,0,0,0.0,0,0.0,8
0,0.0,1,1.0,7,0.57,0,0,0,0.0,0,0.0,5
0,0.0,1,1.0,3,0.33,0,0,0,0.0,0,0.0,2
0,0.0,2,1.0,2,1.0,0,0,0,0.0,0,0.0,4
0,0.0,3,1.0,3,0.33,0,0,0,0.0,0,0.0,4
0,0.0,0,0.0,3,0.67,0,0,0,0.0,0,0.0,2
0,0.0,1,0.0,3,0.0,0,0,0,0.0,0,0.0,0
0,0.0,4,0.75,3,0.33,0,0,0,0.0,1,1.0,5
0,0.0,2,1.0,2,0.5,0,0,0,0.0,0,0.0,3
0,0.0,0,0.0,6,0.67,0,0,0,0.0,0,0.0,4
0,0.0,1,1.0,3,0.33,0,0,0,0.0,0,0.0,2
0,0.0,6,0.67,7,0.71,0,0,0,0.0,0,0.0,9
0,0.0,6,0.83,4,0.5,0,0,0,0.0,0,0.0,7
0,0.0,1,1.0,2,1.0,0,0,2,1.0,0,0.0,5
0,0.0,4,1.0,2,0.5,0,0,0,0.0,0,0.0,5
0,0.0,1,1.0,2,1.0,0,0,0,0.0,1,1.0,4
0,0.0,7,0.57,2,1.0,0,0,0,0.0,2,0.5,7
0,0.0,6,0.67,2,0.5,0,0,0,0.0,1,0.0,5
0,0.0,0,0.0,3,0.33,0,0,0,0.0,0,0.0,1
0,0.0,0,0.0,3,0.67,0,0,0,0.0,0,0.0,2
0,0.0,1,0.0,2,0.0,0,0,0,0.0,0,0.0,0
0,0.0,5,0.6,2,0.0,0,0,0,0.0,0,0.0,3
0,0.0,0,0.0,2,0.5,0,0,0,0.0,0,0.0,1
0,0.0,1,0.0,4,0.25,0,0,0,0.0,0,0.0,1
0,0.0,1,1.0,10,0.6,0,0,0,0.0,0,0.0,7
0,0.0,1,1.0,4,0.5,0,0,0,0.0,1,1.0,4
0,0.0,2,0.5,4,0.75,0,0,0,0.0,0,0.0,4
0,0.0,1,1.0,2,0.5,0,0,0,0.0,1,1.0,3
0,0.0,1,1.0,7,0.29,0,0,0,0.0,0,0.0,3
0,0.0,0,0.0,3,0.0,0,0,0,0.0,0,0.0,0
0,0.0,4,0.5,5,0.4,0,0,0,0.0,0,0.0,4
0,0.0,0,0.0,2,0.0,1,1,0,0.0,0,0.0,1
0,0.0,2,0.5,6,0.67,0,0,0,0.0,0,0.0,5
0,0.0,1,0.0,2,0.5,0,0,0,0.0,0,0.0,1
0,0.0,1,1.0,7,0.29,0,0,0,0.0,0,0.0,3
0,0.0,11,0.82,2,1.0,0,0,0,0.0,1,1.0,12
0,0.0,4,1.0,3,0.33,0,0,0,0.0,0,0.0,5
0,0.0,0,0.0,7,0.57,0,0,0,0.0,0,0.0,4
0,0.0,1,0.0,4,0.75,0,0,0,0.0,0,0.0,3
0,0.0,3,0.67,2,0.0,0,0,0,0.0,1,1.0,3
0,0.0,0,0.0,2,0.5,0,0,0,0.0,0,0.0,1
0,0.0,1,0.0,3,0.0,0,0,0,0.0,0,0.0,0
0,0.0,6,0.67,9,0.44,0,0,0,0.0,2,1.0,10
0,0.0,2,1.0,2,0.5,0,0,0,0.0,0,0.0,3
0,0.0,1,0.0,2,0.5,0,0,0,0.0,0,0.0,1
0,0.0,3,0.67,7,0.43,0,0,0,0.0,1,1.0,6
0,0.0,0,0.0,4,0.0,0,0,0,0.0,0,0.0,0
0,0.0,4,0.75,5,0.8,0,0,0,0.0,0,0.0,7
0,0.0,1,1.0,8,0.5,0,0,0,0.0,0,0.0,5
0,0.0,2,1.0,3,0.33,0,0,0,0.0,0,0.0,3
0,0.0,1,0.0,5,0.6,0,0,0,0.0,0,0.0,3
0,0.0,1,0.0,3,0.33,0,0,0,0.0,0,0.0,1
0,0.0,0,0.0,4,0.25,0,0,0,0.0,0,0.0,1
0,0.0,2,0.5,4,0.0,0,0,0,0.0,0,0.0,1
0,0.0,5,0.6,4,0.75,0,0,0,0.0,0,0.0,6
0,0.0,4,0.75,3,0.33,1,1,0,0.0,0,0.0,5
0,0.0,0,0.0,3,0.67,0,0,0,0.0,0,0.0,2
0,0.0,1,0.0,5,0.4,0,0,0,0.0,0,0.0,2
0,0.0,0,0.0,3,0.33,0,0,1,0.0,0,0.0,1
0,0.0,0,0.0,2,0.0,0,0,0,0.0,1,1.0,1
0,0.0,4,0.5,10,0.5,0,0,0,0.0,0,0.0,7
0,0.0,4,0.5,9,0.44,0,0,0,0.0,1,0.0,6
0,0.0,7,0.86,3,0.67,0,0,0,0.0,0,0.0,8
0,0.0,3,0.67,3,0.67,0,0,0,0.0,0,0.0,4
0,0.0,4,0.5,4,0.25,0,0,0,0.0,0,0.0,3
0,0.0,0,0.0,2,0.5,0,0,0,0.0,0,0.0,1
0,0.0,3,0.33,3,1.0,0,0,0,0.0,1,1.0,5
0,0.0,1,0.0,5,0.4,0,0,0,0.0,0,0.0,2
0,0.0,0,0.0,2,0.5,0,0,0,0.0,0,0.0,1
0,0.0,0,0.0,2,0.5,0,0,0,0.0,0,0.0,1
0,0.0,0,0.0,3,0.0,0,0,0,0.0,0,0.0,0
0,0.0,0,0.0,6,0.67,0,0,0,0.0,0,0.0,4
0,0.0,1,1.0,3,0.33,0,0,0,0.0,0,0.0,2
0,0.0,0,0.0,2,0.5,0,0,0,0.0,0,0.0,1
3,1.0,4,0.75,2,0.0,0,0,0,0.0,0,0.0,6
0,0.0,2,0.5,2,0.5,0,0,0,0.0,0,0.0,2
0,0.0,1,1.0,4,0.25,0,0,0,0.0,0,0.0,2
0,0.0,0,0.0,4,0.25,0,0,0,0.0,0,0.0,1
0,0.0,1,1.0,4,0.75,0,0,0,0.0,0,0.0,4
0,0.0,2,1.0,4,0.5,0,0,0,0.0,0,0.0,4
0,0.0,1,0.0,5,0.8,0,0,0,0.0,1,0.0,4
0,0.0,1,1.0,2,0.5,0,0,1,1.0,0,0.0,3
0,0.0,7,0.57,2,0.5,0,0,0,0.0,0,0.0,5
0,0.0,1,1.0,2,0.5,0,0,0,0.0,0,0.0,2
0,0.0,1,0.0,3,0.67,0,0,0,0.0,0,0.0,2
0,0.0,0,0.0,7,0.71,0,0,0,0.0,0,0.0,5
0,0.0,0,0.0,4,0.5,0,0,0,0.0,0,0.0,2
0,0.0,0,0.0,3,0.0,1,0,0,0.0,0,0.0,0
0,0.0,1,1.0,4,0.75,0,0,0,0.0,0,0.0,4
0,0.0,0,0.0,3,0.33,0,0,0,0.0,0,0.0,1
0,0.0,0,0.0,5,0.2,0,0,0,0.0,0,0.0,1
0,0.0,0,0.0,7,0.43,0,0,0,0.0,0,0.0,3
0,0.0,1,1.0,6,0.33,0,0,0,0.0,0,0.0,3
0,0.0,1,1.0,2,0.0,0,0,0,0.0,0,0.0,1
0,0.0,4,0.25,6,0.5,0,0,0,0.0,0,0.0,4
0,0.0,1,1.0,2,1.0,0,0,0,0.0,0,0.0,3
0,0.0,1,1.0,2,0.0,0,0,0,0.0,0,0.0,1
0,0.0,3,0.67,4,0.25,0,0,0,0.0,0,0.0,3
0,0.0,1,1.0,2,0.0,0,0,0,0.0,0,0.0,1
0,0.0,1,0.0,4,0.75,0,0,0,0.0,0,0.0,3
0,0.0,2,0.5,2,0.5,0,0,0,0.0,0,0.0,2
0,0.0,4,0.25,6,0.5,0,0,0,0.0,0,0.0,4
0,0.0,1,0.0,8,0.63,0,0,0,0.0,0,0.0,5
0,0.0,1,1.0,3,0.0,0,0,0,0.0,0,0.0,1
0,0.0,1,0.0,4,0.75,0,0,0,0.0,0,0.0,3
0,0.0,1,0.0,2,0.0,0,0,0,0.0,0,0.0,0
0,0.0,3,0.67,8,0.75,0,0,0,0.0,1,1.0,9
0,0.0,1,1.0,2,0.0,0,0,0,0.0,0,0.0,1
0,0.0,1,1.0,7,0.57,0,0,0,0.0,0,0.0,5
0,0.0,2,1.0,7,0.14,0,0,0,0.0,1,1.0,4
2,1.0,3,0.67,8,0.38,0,0,0,0.0,0,0.0,7
0,0.0,2,0.5,2,0.0,0,0,0,0.0,0,0.0,1
0,0.0,2,1.0,2,0.0,0,0,0,0.0,1,1.0,3
0,0.0,3,0.0,7,0.43,0,0,0,0.0,0,0.0,3
0,0.0,2,1.0,2,0.0,0,0,0,0.0,0,0.0,2
0,0.0,1,1.0,7,0.71,0,0,0,0.0,0,0.0,6
0,0.0,4,0.75,4,0.25,0,0,0,0.0,0,0.0,4
0,0.0,0,0.0,2,1.0,0,0,0,0.0,0,0.0,2
0,0.0,4,1.0,4,0.5,0,0,0,0.0,0,0.0,6
0,0.0,0,0.0,4,0.5,0,0,0,0.0,0,0.0,2
0,0.0,1,0.0,5,0.2,0,0,0,0.0,0,0.0,1
0,0.0,0,0.0,4,0.75,0,0,1,1.0,0,0.0,4
0,0.0,3,0.67,5,0.2,0,0,0,0.0,0,0.0,3
0,0.0,2,0.5,2,0.5,0,0,0,0.0,0,0.0,2
0,0.0,0,0.0,3,0.0,0,0,1,0.0,1,1.0,1
3,1.0,4,0.75,2,1.0,0,0,0,0.0,0,0.0,8
0,0.0,3,0.33,4,0.75,0,0,0,0.0,1,1.0,5
0,0.0,2,0.5,5,0.2,0,0,0,0.0,0,0.0,2
0,0.0,2,0.5,2,0.0,0,0,0,0.0,1,1.0,2
1,1.0,0,0.0,8,0.5,0,0,0,0.0,0,0.0,5
0,0.0,4,0.75,6,0.83,0,0,0,0.0,0,0.0,8
0,0.0,0,0.0,3,0.67,0,0,0,0.0,0,0.0,2
0,0.0,0,0.0,2,0.5,0,0,0,0.0,0,0.0,1
0,0.0,5,1.0,6,0.67,0,0,0,0.0,0,0.0,9
0,0.0,1,1.0,10,0.6,0,0,0,0.0,0,0.0,7
0,0.0,3,1.0,3,0.67,0,0,0,0.0,0,0.0,5
0,0.0,3,0.67,3,0.33,0,0,0,0.0,0,0.0,3
0,0.0,4,1.0,2,0.5,0,0,0,0.0,0,0.0,5
0,0.0,3,0.67,7,0.43,0,0,1,1.0,0,0.0,6
0,0.0,3,0.67,9,0.33,0,0,1,0.0,0,0.0,5
0,0.0,0,0.0,2,0.5,0,0,0,0.0,0,0.0,1
0,0.0,6,0.5,6,0.33,0,0,0,0.0,0,0.0,5
0,0.0,6,0.67,6,0.17,0,0,0,0.0,0,0.0,5
0,0.0,0,0.0,3,0.0,0,0,0,0.0,0,0.0,0
0,0.0,2,1.0,5,0.8,0,0,0,0.0,0,0.0,6
0,0.0,4,0.75,2,0.0,0,0,0,0.0,0,0.0,3
0,0.0,0,0.0,2,0.5,0,0,0,0.0,0,0.0,1
0,0.0,1,1.0,2,0.5,0,0,0,0.0,0,0.0,2
1,1.0,2,0.5,3,0.0,0,0,0,0.0,0,0.0,2
0,0.0,2,1.0,4,0.25,0,0,0,0.0,0,0.0,3
0,0.0,2,0.5,6,0.33,0,0,0,0.0,0,0.0,3
0,0.0,1,0.0,2,0.5,0,0,0,0.0,0,0.0,1
1,0.0,0,0.0,5,0.6,0,0,0,0.0,1,1.0,4
0,0.0,2,0.5,4,0.25,0,0,0,0.0,0,0.0,2
0,0.0,2,0.0,4,0.5,0,0,0,0.0,0,0.0,2
0,0.0,0,0.0,2,0.5,0,0,0,0.0,0,0.0,1
1,0.0,4,0.25,3,0.33,0,0,0,0.0,0,0.0,2
0,0.0,0,0.0,3,0.33,0,0,0,0.0,0,0.0,1
0,0.0,1,1.0,5,0.6,0,0,0,0.0,0,0.0,4
0,0.0,2,0.5,6,0.33,0,0,0,0.0,0,0.0,3
4,0.75,2,0.5,3,1.0,0,0,0,0.0,1,1.0,8
0,0.0,1,1.0,3,0.33,0,0,0,0.0,0,0.0,2
0,0.0,0,0.0,5,0.6,0,0,0,0.0,0,0.0,3
0,0.0,1,1.0,2,0.0,0,0,0,0.0,0,0.0,1
0,0.0,0,0.0,2,0.0,0,0,0,0.0,0,0.0,0
0,0.0,4,0.25,6,0.5,0,0,0,0.0,0,0.0,4
0,0.0,0,0.0,2,0.5,0,0,2,0.0,0,0.0,1
0,0.0,6,0.83,4,0.25,0,0,0,0.0,0,0.0,6
0,0.0,0,0.0,3,0.67,0,0,0,0.0,0,0.0,2
0,0.0,2,0.5,6,0.0,0,0,0,0.0,1,1.0,2
0,0.0,1,0.0,4,0.25,0,0,0,0.0,0,0.0,1
0,0.0,5,0.6,2,0.0,0,0,0,0.0,0,0.0,3
0,0.0,7,0.86,2,0.0,0,0,0,0.0,2,1.0,8
0,0.0,5,0.8,2,0.0,0,0,0,0.0,0,0.0,4
0,0.0,1,1.0,2,0.5,1,1,0,0.0,0,0.0,3
0,0.0,2,0.5,2,0.5,0,0,1,1.0,0,0.0,3
0,0.0,1,1.0,5,0.2,0,0,0,0.0,0,0.0,2
0,0.0,0,0.0,2,0.5,0,0,0,0.0,0,0.0,1
4,0.75,2,0.0,4,0.5,0,0,0,0.0,2,0.5,6
0,0.0,4,0.5,4,0.25,1,1,0,0.0,0,0.0,4
0,0.0,1,1.0,2,0.5,0,0,1,1.0,0,0.0,3
0,0.0,2,0.5,4,0.5,0,0,0,0.0,0,0.0,3
0,0.0,0,0.0,2,0.0,0,0,0,0.0,0,0.0,0
0,0.0,3,0.0,3,1.0,0,0,0,0.0,0,0.0,3
0,0.0,3,1.0,3,0.0,0,0,0,0.0,0,0.0,3
2,0.5,2,0.5,3,0.33,0,0,0,0.0,0,0.0,3
0,0.0,3,0.33,5,0.2,0,0,0,0.0,0,0.0,2
0,0.0,1,1.0,2,0.0,0,0,0,0.0,0,0.0,1
0,0.0,5,0.6,8,0.75,0,0,0,0.0,1,0.0,9
0,0.0,4,1.0,4,0.5,0,0,0,0.0,0,0.0,6
0,0.0,1,0.0,9,0.56,0,0,0,0.0,0,0.0,5
0,0.0,0,0.0,7,0.43,0,0,0,0.0,1,1.0,4
0,0.0,3,1.0,4,0.0,0,0,0,0.0,0,0.0,3
0,0.0,0,0.0,2,0.0,0,0,0,0.0,0,0.0,0
0,0.0,0,0.0,3,0.0,0,0,0,0.0,1,1.0,1
0,0.0,0,0.0,3,0.67,0,0,0,0.0,0,0.0,2
4,1.0,2,1.0,6,0.17,0,0,0,0.0,0,0.0,7
0,0.0,1,0.0,6,0.83,1,1,0,0.0,0,0.0,6
0,0.0,0,0.0,2,0.5,0,0,0,0.0,0,0.0,1
0,0.0,4,0.5,6,0.67,0,0,0,0.0,0,0.0,6
0,0.0,2,1.0,4,0.25,0,0,0,0.0,0,0.0,3
0,0.0,5,0.0,4,0.25,0,0,0,0.0,0,0.0,1
0,0.0,0,0.0,6,0.67,0,0,0,0.0,1,1.0,5
0,0.0,5,0.8,2,0.0,0,0,0,0.0,0,0.0,4
0,0.0,1,1.0,2,0.0,0,0,0,0.0,0,0.0,1
0,0.0,0,0.0,2,0.0,0,0,0,0.0,0,0.0,0
0,0.0,5,0.8,3,0.0,0,0,0,0.0,0,0.0,4
2,0.0,1,0.0,7,0.57,0,0,0,0.0,0,0.0,4
0,0.0,1,0.0,10,0.4,0,0,0,0.0,0,0.0,4
0,0.0,1,1.0,3,0.33,1,0,0,0.0,0,0.0,2
0,0.0,2,1.0,3,0.67,0,0,0,0.0,1,0.0,4
0,0.0,1,1.0,3,0.67,0,0,0,0.0,0,0.0,3
0,0.0,0,0.0,11,0.0,0,0,0,0.0,0,0.0,0
0,0.0,3,0.67,3,0.33,0,0,0,0.0,0,0.0,3
2,0.5,3,0.33,10,0.4,0,0,0,0.0,0,0.0,6
0,0.0,4,0.75,3,0.33,0,0,0,0.0,0,0.0,4
0,0.0,3,0.67,5,0.4,0,0,0,0.0,0,0.0,4
0,0.0,1,0.0,3,0.67,0,0,0,0.0,0,0.0,2
3,1.0,1,1.0,6,0.5,0,0,0,0.0,0,0.0,7
1,1.0,1,1.0,2,0.5,0,0,0,0.0,0,0.0,3
0,0.0,2,0.5,5,0.6,0,0,0,0.0,0,0.0,4
0,0.0,0,0.0,4,0.25,0,0,0,0.0,0,0.0,1
0,0.0,1,1.0,5,0.4,0,0,0,0.0,0,0.0,3
0,0.0,0,0.0,4,0.5,0,0,0,0.0,0,0.0,2
0,0.0,0,0.0,2,0.0,0,0,0,0.0,0,0.0,0
0,0.0,3,0.67,3,0.33,0,0,1,0.0,0,0.0,3
0,0.0,2,1.0,2,1.0,0,0,0,0.0,0,0.0,4
0,0.0,3,0.33,8,0.38,0,0,0,0.0,0,0.0,4
0,0.0,1,0.0,2,0.0,0,0,0,0.0,0,0.0,0
0,0.0,0,0.0,4,0.75,1,1,0,0.0,3,1.0,7
0,0.0,5,0.6,2,0.0,0,0,0,0.0,0,0.0,3
0,0.0,0,0.0,4,0.5,0,0,0,0.0,1,1.0,3
0,0.0,2,0.5,3,0.33,0,0,0,0.0,0,0.0,2
0,0.0,0,0.0,2,0.5,0,0,0,0.0,0,0.0,1
0,0.0,5,0.8,4,0.5,0,0,0,0.0,0,0.0,6
0,0.0,1,0.0,6,0.5,0,0,0,0.0,0,0.0,3
2,0.5,2,1.0,3,1.0,0,0,1,1.0,1,1.0,8
0,0.0,1,1.0,3,0.67,0,0,0,0.0,0,0.0,3
0,0.0,0,0.0,10,0.3,0,0,0,0.0,0,0.0,3
0,0.0,1,1.0,5,0.4,0,0,0,0.0,0,0.0,3
0,0.0,2,0.5,10,0.7,0,0,0,0.0,0,0.0,8
0,0.0,1,1.0,2,0.5,0,0,0,0.0,0,0.0,2
0,0.0,1,0.0,5,0.8,0,0,0,0.0,0,0.0,4
0,0.0,0,0.0,3,0.0,0,0,0,0.0,0,0.0,0
0,0.0,2,1.0,6,0.17,0,0,0,0.0,0,0.0,3
0,0.0,0,0.0,2,0.0,0,0,0,0.0,0,0.0,0
0,0.0,2,0.5,3,0.33,0,0,0,0.0,0,0.0,2
0,0.0,0,0.0,3,0.0,0,0,0,0.0,1,1.0,1
0,0.0,2,1.0,5,0.6,0,0,0,0.0,1,1.0,6
0,0.0,4,0.5,5,0.6,0,0,0,0.0,0,0.0,5
0,0.0,1,1.0,2,0.5,0,0,0,0.0,0,0.0,2
0,0.0,3,0.0,3,0.33,0,0,0,0.0,0,0.0,1
0,0.0,7,0.43,3,0.67,0,0,0,0.0,1,1.0,6
0,0.0,2,0.5,4,0.5,0,0,0,0.0,0,0.0,3
0,0.0,3,0.33,2,0.5,0,0,0,0.0,1,0.0,2
1,0.0,1,0.0,3,1.0,0,0,0,0.0,0,0.0,3
0,0.0,0,0.0,4,0.25,0,0,0,0.0,0,0.0,1
3,0.67,5,0.8,3,0.0,0,0,0,0.0,0,0.0,6
0,0.0,4,0.5,3,0.67,0,0,0,0.0,0,0.0,4
0,0.0,0,0.0,2,0.0,0,0,0,0.0,0,0.0,0
0,0.0,1,1.0,9,0.78,0,0,0,0.0,0,0.0,8
0,0.0,2,0.0,4,0.75,0,0,0,0.0,0,0.0,3
0,0.0,4,0.75,4,0.5,0,0,0,0.0,0,0.0,5
0,0.0,1,1.0,3,0.33,0,0,0,0.0,0,0.0,2
0,0.0,0,0.0,2,0.0,0,0,0,0.0,0,0.0,0
0,0.0,4,0.75,2,0.5,0,0,0,0.0,0,0.0,4
0,0.0,4,0.75,2,0.5,0,0,0,0.0,2,1.0,6
0,0.0,1,1.0,3,1.0,0,0,0,0.0,0,0.0,4
0,0.0,4,0.75,2,0.5,0,0,0,0.0,0,0.0,4
0,0.0,0,0.0,10,0.4,0,0,0,0.0,0,0.0,4
0,0.0,7,0.57,2,0.0,0,0,0,0.0,0,0.0,4
0,0.0,3,0.33,2,0.5,0,0,0,0.0,0,0.0,2
2,1.0,1,1.0,2,0.0,0,0,0,0.0,0,0.0,3
0,0.0,0,0.0,7,0.43,0,0,0,0.0,0,0.0,3
0,0.0,4,0.5,3,0.33,0,0,0,0.0,0,0.0,3
0,0.0,0,0.0,2,0.5,0,0,0,0.0,0,0.0,1
0,0.0,1,1.0,8,0.5,0,0,0,0.0,1,0.0,5
0,0.0,3,1.0,2,0.5,0,0,0,0.0,0,0.0,4
0,0.0,2,1.0,7,0.14,0,0,0,0.0,0,0.0,3
0,0.0,1,1.0,2,1.0,0,0,0,0.0,0,0.0,3
0,0.0,3,0.33,8,0.25,0,0,0,0.0,0,0.0,3
0,0.0,1,1.0,4,0.0,0,0,0,0.0,0,0.0,1
0,0.0,2,1.0,3,0.33,0,0,0,0.0,0,0.0,3
0,0.0,2,0.0,3,0.67,0,0,0,0.0,0,0.0,2
0,0.0,0,0.0,7,0.29,0,0,0,0.0,0,0.0,2
0,0.0,1,0.0,2,0.5,0,0,0,0.0,0,0.0,1
1,0.0,1,1.0,2,0.0,0,0,0,0.0,0,0.0,1
0,0.0,0,0.0,4,0.5,0,0,0,0.0,0,0.0,2
0,0.0,4,0.5,2,0.5,0,0,0,0.0,0,0.0,3
0,0.0,2,0.5,3,0.33,0,0,0,0.0,0,0.0,2
0,0.0,0,0.0,2,0.5,0,0,0,0.0,0,0.0,1
0,0.0,0,0.0,5,0.6,0,0,0,0.0,0,0.0,3
4,1.0,3,0.33,4,0.5,0,0,0,0.0,0,0.0,7
0,0.0,0,0.0,7,0.57,0,0,0,0.0,0,0.0,4
0,0.0,1,1.0,5,0.4,0,0,0,0.0,1,0.0,3
1,1.0,1,0.0,9,0.56,0,0,0,0.0,1,1.0,7
0,0.0,2,1.0,2,0.0,0,0,0,0.0,0,0.0,2
0,0.0,1,0.0,2,0.5,0,0,0,0.0,0,0.0,1
0,0.0,0,0.0,3,0.67,0,0,0,0.0,0,0.0,2
0,0.0,6,0.83,3,0.67,0,0,0,0.0,0,0.0,7
0,0.0,6,0.83,2,0.0,0,0,0,0.0,0,0.0,5
0,0.0,2,1.0,4,0.5,0,0,0,0.0,0,0.0,4
0,0.0,3,0.67,8,0.5,0,0,0,0.0,0,0.0,6
0,0.0,1,1.0,8,0.5,0,0,0,0.0,0,0.0,5
2,0.5,3,1.0,3,0.0,0,0,0,0.0,0,0.0,4
0,0.0,2,1.0,4,0.25,0,0,0,0.0,0,0.0,3
0,0.0,4,0.75,7,0.29,0,0,2,0.5,2,1.0,8
0,0.0,3,0.67,3,0.67,1,0,0,0.0,0,0.0,4
0,0.0,2,0.5,4,0.25,0,0,0,0.0,0,0.0,2
0,0.0,1,0.0,3,0.67,0,0,0,0.0,0,0.0,2
0,0.0,6,0.5,2,0.0,0,0,0,0.0,0,0.0,3
0,0.0,1,1.0,7,0.57,0,0,0,0.0,0,0.0,5
0,0.0,3,0.33,4,0.25,0,0,0,0.0,0,0.0,2
0,0.0,2,1.0,5,0.6,0,0,0,0.0,1,1.0,6
0,0.0,4,0.5,4,0.0,0,0,0,0.0,0,0.0,2
3,1.0,5,0.4,3,0.67,0,0,2,1.0,0,0.0,9
0,0.0,1,0.0,6,0.17,0,0,0,0.0,0,0.0,1
0,0.0,0,0.0,4,0.0,0,0,0,0.0,0,0.0,0
0,0.0,3,1.0,4,0.5,0,0,0,0.0,0,0.0,5
0,0.0,3,0.67,8,0.5,0,0,0,0.0,0,0.0,6
0,0.0,4,1.0,3,0.33,0,0,0,0.0,0,0.0,5
0,0.0,3,0.33,3,0.33,0,0,0,0.0,1,1.0,3
0,0.0,4,0.75,3,0.0,0,0,0,0.0,0,0.0,3
0,0.0,6,0.83,7,0.43,0,0,0,0.0,0,0.0,8
0,0.0,2,0.5,4,0.5,0,0,0,0.0,0,0.0,3
0,0.0,1,0.0,5,0.6,0,0,0,0.0,1,0.0,3
0,0.0,1,1.0,2,0.5,0,0,0,0.0,0,0.0,2
0,0.0,2,1.0,3,0.67,0,0,0,0.0,0,0.0,4
0,0.0,1,1.0,2,0.0,0,0,0,0.0,0,0.0,1
0,0.0,3,0.67,3,1.0,0,0,0,0.0,0,0.0,5
0,0.0,1,0.0,10,0.4,1,1,0,0.0,0,0.0,5
0,0.0,2,0.5,4,0.25,0,0,0,0.0,0,0.0,2
0,0.0,0,0.0,3,0.33,0,0,0,0.0,0,0.0,1
0,0.0,3,1.0,3,1.0,0,0,0,0.0,0,0.0,6
0,0.0,2,1.0,5,0.6,0,0,1,1.0,0,0.0,6
0,0.0,0,0.0,2,1.0,0,0,0,0.0,0,0.0,2
0,0.0,1,1.0,6,0.67,0,0,0,0.0,0,0.0,5
0,0.0,5,0.6,5,0.2,0,0,0,0.0,0,0.0,4
0,0.0,0,0.0,2,1.0,0,0,0,0.0,0,0.0,2
0,0.0,3,0.67,2,0.0,0,0,0,0.0,0,0.0,2
0,0.0,1,0.0,4,0.5,0,0,0,0.0,1,0.0,2
0,0.0,3,1.0,2,1.0,0,0,0,0.0,0,0.0,5
0,0.0,2,1.0,8,0.38,0,0,0,0.0,0,0.0,5
0,0.0,5,0.8,5,0.2,0,0,0,0.0,1,1.0,6
0,0.0,0,0.0,2,0.5,0,0,0,0.0,0,0.0,1
0,0.0,0,0.0,3,0.67,0,0,1,1.0,0,0.0,3
0,0.0,2,0.5,3,0.33,0,0,1,1.0,0,0.0,3
0,0.0,3,0.33,4,0.5,0,0,0,0.0,0,0.0,3
0,0.0,1,1.0,2,0.0,0,0,0,0.0,0,0.0,1
0,0.0,2,1.0,3,0.67,0,0,0,0.0,0,0.0,4
0,0.0,0,0.0,3,0.33,0,0,0,0.0,0,0.0,1
0,0.0,1,1.0,5,0.8,0,0,0,0.0,0,0.0,5
0,0.0,1,1.0,2,1.0,0,0,0,0.0,0,0.0,3
0,0.0,0,0.0,2,0.5,0,0,0,0.0,0,0.0,1
